시간,여자 그룹 3_1,여자 그룹 3_2,여자 그룹 3_3,여자 그룹 3_4,여자 그룹 2_1,여자 그룹 2_2,여자 그룹 2_3,여자 그룹 2_4,여자 그룹 1_1,여자 그룹 1_2,여자 그룹 1_3,여자 그룹 1_4,남자 그룹 3_1,남자 그룹 3_2,남자 그룹 3_3,남자 그룹 3_4,남자 그룹 2_1,남자 그룹 2_2,남자 그룹 2_3,남자 그룹 2_4,남자 그룹 1_1,남자 그룹 1_2,남자 그룹 1_3,남자 그룹 1_4
1,김지현,룰루,우당탕,Rent,뽐,사리,수임이,지니,가린,다미,레일라,커피믹스,마크,제이슨,쿨쿨,터보,로센,매머드,안씨,페더러,성현,재근,Bdup,프리마
2,반이,크림,클레어,린다,민크,이피,제인,레이첼,기쁨,리디아,밀리,럽테닛,쥬니혀니,황더러,SJ,TG,브라운,영훈,전,푸마,매버릭,소니,정현,큐
3,룰루,우당탕,Rent,아롬,뽐,수임이,제시,파란하늘,가린,꾸꾸,레일라,연주,김군,로저,이언짱,제이슨,명자,미키찬,지호,Ace,비케이,성현,태보,토니
4,김지현,문문,야금,린다,젤로,이피,꼬맹,레이첼,리디아,미아,커피믹스,Hailey,성일월드,우디,쥬니혀니,터보,로센,페더러,태규,DY,동환,매버릭,밤송이,프리마
5,룰루,반이,크림,클레어,민크,제인,지니,파란하늘,꾸꾸,다미,레일라,밀리,마크,이언짱,제이슨,쿨쿨,영훈,전,현민,Ace,성현,주방,큐,토니
6,김지현,야금,린다,아롬,뽐,강진,꼬맹,제시,기쁨,유하,럽테닛,연주,스테판,우디,쥬니혀니,TG,매머드,미키찬,페더러,태규,매버릭,비케이,소니,정현
7,문문,우당탕,크림,Rent,민크,사리,수임이,파란하늘,다미,레일라,밀리,Hailey,김군,쿨쿨,황더러,SJ,로센,명자,브라운,안씨,태보,Bdup,프리마,토니
8,김지현,반이,야금,아롬,젤로,강진,제시,지니,미아,유하,커피믹스,연주,로저,스테판,제이슨,TG,미키찬,지호,페더러,푸마,동환,밤송이,성현,큐
9,룰루,문문,우당탕,클레어,제인,꼬맹,레이첼,파란하늘,가린,리디아,꾸꾸,밀리,김군,성일월드,이언짱,터보,매머드,현민,Ace,DY,매버릭,주방,태보,프리마
10,반이,야금,크림,아롬,사리,강진,이피,지니,기쁨,다미,미아,Hailey,로저,쥬니혀니,쿨쿨,TG,안씨,영훈,푸마,태규,밤송이,비케이,소니,재근
11,문문,클레어,Rent,린다,젤로,뽐,수임이,제인,리디아,유하,럽테닛,커피믹스,김군,마크,우디,SJ,로센,미키찬,브라운,DY,동환,정현,큐,Bdup
12,경기 없음,경기 없음,경기 없음,경기 없음,민크,강진,이피,꼬맹,가린,기쁨,Hailey,연주,성일월드,스테판,이언짱,황더러,명자,지호,푸마,현민,비케이,재근,주방,태보
13,경기 없음,경기 없음,경기 없음,경기 없음,젤로,사리,제시,레이첼,꾸꾸,미아,유하,럽테닛,로저,우디,터보,SJ,매머드,영훈,전,Ace,동환,소니,정현,토니
14,경기 없음,경기 없음,경기 없음,경기 없음,경기 없음,경기 없음,경기 없음,경기 없음,경기 없음,경기 없음,경기 없음,경기 없음,마크,성일월드,스테판,황더러,명자,안씨,현민,태규,밤송이,재근,주방,Bdup
